{
  "scene": "2023-10-10-16-57-44_UMBRA-04_CPHD",
  "dims": {
    "M": 5634,
    "N": 4319
  },
  "fft_len": {
    "R": 8192,
    "A": 8192
  },
  "deci": {
    "pulse": 1,
    "sample": 1
  },
  "bfp_input": {
    "lsb": 0.015625,
    "exp": -6
  },
  "addr": {
    "SIG": 2281701376,
    "OUT": 2818572288,
    "SCRATCH": 2550136832,
    "JOB": 2953052160,
    "f0": 2953838592,
    "df": 2953871360,
    "pr": 2953904128,
    "tans": 2953936896,
    "invorder": 2953969664,
    "krgrid": 2954002432,
    "kcgrid": 2954035200,
    "hamr": 2954067968,
    "hamc": 2954100736
  },
  "sizes": {
    "sig": 97332984,
    "out_uint16": 134217728,
    "f0": 22536,
    "df": 22536,
    "pr": 22536,
    "tans": 22536,
    "invorder": 22536,
    "krgrid": 32768,
    "kcgrid": 32768,
    "hamr": 16384,
    "hamc": 16384
  },
  "crc32": {
    "sig": 2314867420,
    "f0": 4270552505,
    "df": 927138548,
    "pr": 3205982209,
    "tans": 3037781812,
    "invorder": 3742422303,
    "krgrid": 1093320581,
    "kcgrid": 910509805,
    "hamr": 2270332040,
    "hamc": 1761985844
  },
  "resample": {
    "corr_vs_float": 1.000068,
    "order_len": 5634,
    "coeffs": "computed on-MSS per line from this geometry"
  },
  "geocode": {
    "dc": 1.7275634540897291,
    "dr": 1.4051993639317826,
    "dhat": [
      0.9999822119542114,
      -0.005964543164618938
    ],
    "chat": [
      0.005964543164618938,
      0.9999822119542114
    ],
    "center_ecef": [
      -1843193.115234375,
      -4603650.390625,
      4000184.814453125
    ],
    "uiax": [
      -0.9570503909674382,
      0.19757543410284714,
      -0.2121756276958914
    ],
    "uiay": [
      0.028352224963300723,
      -0.6645486922182163,
      -0.7467068949800107
    ]
  }
}